<?xml version="1.0" encoding="utf-8" ?>
<page>
<author>James McCarthy</author>
<category>none</category>
<content><![CDATA[<p>
<h1>Error 404</h1>
<p>Sorry but we couldn't find what you are looking for.</p>
<hr />
<p>
<a href="/">Back Home</a>
</p>
]]></content>
<lastupdate>2008-09-16 21:25:37</lastupdate>
<meta_description>Error page, rediect to 404</meta_description>
<meta_keywords>error, 404, page-not-found</meta_keywords>
<meta_robots>all</meta_robots>
<pagecss></pagecss>
<status>system</status>
<tags>error, 404, page-not-found</tags>
<template>subpage.php</template>
<title>404 - not found</title>
<type>xhtml</type>
<userid>1</userid>
<username>admin</username>
<xml>404.xml</xml>
</page>