<?xml version="1.0" encoding="utf-8" ?>
<page>
	<template>default</template>
	<pagecss></pagecss>
	<type>xhtml</type>
	<lastupdate>2008-06-25 18:48:36</lastupdate>
	<status>published</status>
	<username>admin</username>
	<userid>1</userid>
	<author>James McCarthy</author>
	<tags>cms,content-management,wordpress,programming</tags>
	<category></category>
	
	<title>Home</title>
	<meta_robots>all</meta_robots>	
	<meta_description></meta_description>
	<meta_keywords></meta_keywords>
	
	<content><![CDATA[
	
	<img src="images/home.png" alt="pasteboard installed; contact us for more information" />
	
	<div id="postxt">
	<p><a href="/pb-admin/">login</a></p><p>copyright 2008 The PasteBoard Group, <a href="http://www.pasteboard.org/">http://www.pasteboard.org</a></p>
	</div>

<div id="w3cbox">
    <a href="http://validator.w3.org/check?uri=referer"><img id="w3c"
        src="http://www.w3.org/Icons/valid-xhtml10-blue"
        alt="Valid XHTML 1.0 Strict" height="31" width="88" /></a>
</div>

<p>
<? snip_example(hw); ?>
</p>
]]></content>
</page>	
 