<?xml version="1.0" encoding="utf-8" ?>
<page>
	<template>default</template>
	<pagecss></pagecss>
	<type>xhtml</type>
	<lastupdate>2008-06-25 18:48:36</lastupdate>
	<status>published</status>
	<username>admin</username>
	<userid>1</userid>
	<tags>cms,content-management,wordpress,programming</tags>
	<category></category>
	
	<title>Share with a Friend</title>
	<meta_robots>all</meta_robots>	
	<meta_description></meta_description>
	<meta_keywords></meta_keywords>

	
	<content><![CDATA[<script src="js/err_share.js"  type="text/javascript"></script>
			
		<p><span class="emph">Share us with a Friend!</span><br />
		Be nice and tell a friend . We love to share and share-alike!
		</p>
		
		<!-- onsubmit="return error_chk();" -->
		<form action="/pb-plugins/share_mgr/share_mgr.php" method="post" id="share" onsubmit="return error_chk();">
		
		<!-- recipient anti-spam format: username@domain.com = username;mac-dot-com -->
		<input type="hidden" name="recipient" value="james.mccarthy;mac-dot-com" />
		<input type="hidden" name="redirect" value="/?page=thankyou&form=share" />
		<input type="hidden" name="from" value="Business Name <noreply;pasteboard-dot-org>" />
		<input type="hidden" name="url" value="http://www.pasteboard.org" />
		<p>
		<strong>Your</strong> Name:<br />
		<input type="text" name="name" size="40">
		</p>
		
		<p>
		<strong>Friend's</strong> Email (up-to 6 friends):<br />
		<input type="text" name="email1" size="40"><br />
		<input type="text" name="email2" size="40"><br />
		<input type="text" name="email3" size="40"><br />
		<input type="text" name="email4" size="40"><br />
		<input type="text" name="email5" size="40"><br />
		<input type="text" name="email6" size="40">
		</p>
		
		<p>
		<strong>Your</strong> Note:<br />
		<textarea name="note" cols="38" rows="8"></textarea>
		</p>
		
		<p>
		<input type="submit" value="Share With Friends!">
		</p>

			]]></content>

</page>	