<?xml version="1.0" encoding="utf-8" ?>
<page>

	<template>default</template>
	<pagecss></pagecss>
	<type>xhtml</type>
	<lastupdate>2008-06-25 18:48:36</lastupdate>
	<status>published</status>
	<username>admin</username>
	<userid>1</userid>
	<tags>cms,content-management,wordpress,programming</tags>
	<category></category>
	
	<title>Contact Us</title>
	<meta_robots>all</meta_robots>	
	<meta_description>contact us via email</meta_description>
	<meta_keywords>contact, web design, cms</meta_keywords>
	
<content><![CDATA[
<script src="js/err_contact.js"  type="text/javascript"></script>
		
		<form action="/plugins/contact_mgr/contact_mgr.php" method="post" id="contact_form" onsubmit="return error_chk('contact_form');">
		
		<!-- recipient anti-spam format: username@domain.com = username;mac-dot-com -->
		<input type="hidden" name="recipient" value="james.mccarthy;mac-dot-com" />
		<input type="hidden" name="redirect" value="/?page=thankyou&form=contact" />
		
		<fieldset id="zero_border">
		<legend></legend>
		<input type="hidden" name="action" value="contact"/>
		
		<p>
		<strong>Your</strong> Name:<br/>
		<input type="text" name="name" size="60"/>
		</p>
		
		<p>
		<strong>Your</strong> Email:<br/>
		<input type="text" name="email" size="60"/>
		</p>
		
		<p>
		<strong>Your</strong> Subject:<br/>
		<input type="text" name="subject" size="60"/>
		</p>
		
		<p>
		<strong>Your</strong> Note:<br/>
		<textarea name="note" cols="58" rows="10"></textarea>
		</p>
		
		<p>
		<input type="submit" value="Send Us Your Message"/>
		</p>
		</fieldset>
		</form>
]]></content>
		
</page>	