<?xml version="1.0" encoding="utf-8" ?>
<page>
<author>James McCarthy</author>
<category>none</category>
<content><![CDATA[<h1>Thank you!</h1><p><? snip_thankyouresponse(); ?></p><hr><p><a href="/">Back Home</a>]]></content>
<lastupdate>2008-09-16 21:26:40</lastupdate>
<meta_description></meta_description>
<meta_keywords></meta_keywords>
<meta_robots>all</meta_robots>
<pagecss></pagecss>
<status>system</status>
<tags></tags>
<template>subpage</template>
<title>Thank you!</title>
<type>xhtml</type>
<userid>1</userid>
<username>admin</username>
<xml>thankyou.xml</xml>
</page>